empleado_id,fecha_inicio,fecha_fin,dias_solicitados,estado,fecha_solicitud,aprobador_id,motivo_rechazo
E240,2024-08-03,2024-08-07,4,Rechazada,2024-06-24,RRHH01,Suscipit nemo veniam mollitia vitae.
E996,2025-01-25,2025-02-11,17,Aprobada,2024-09-07,RRHH03,
E1180,2024-07-28,2024-08-12,15,Aprobada,2024-06-28,RRHH04,
E925,2025-03-14,2025-03-22,8,Aprobada,2024-08-18,RRHH05,
E926,2025-01-24,2025-02-06,13,Pendiente,2024-05-10,,
E248,2024-11-05,2024-11-11,6,Aprobada,2024-05-21,RRHH03,
E775,2024-09-30,2024-10-15,15,Pendiente,2024-06-13,,
E834,2024-05-14,2024-05-23,9,Aprobada,2024-04-27,RRHH05,
E948,2024-12-22,2024-12-31,9,Aprobada,2024-08-25,RRHH05,
E636,2024-09-06,2024-09-18,12,Aprobada,2024-08-04,RRHH02,
E310,2024-11-05,2024-11-18,13,Aprobada,2024-08-14,RRHH01,
E786,2024-09-27,2024-09-30,3,Aprobada,2024-09-08,RRHH03,
E993,2024-05-16,2024-06-02,17,Pendiente,2024-05-09,,
E507,2024-10-23,2024-11-08,16,Aprobada,2024-05-04,RRHH01,
E766,2024-09-27,2024-10-01,4,Pendiente,2024-06-26,,
E884,2025-03-17,2025-03-25,8,Pendiente,2024-05-19,,
E854,2024-12-26,2025-01-07,12,Aprobada,2024-11-27,RRHH04,
E663,2024-06-21,2024-06-26,5,Aprobada,2024-04-29,RRHH05,
E350,2024-05-05,2024-05-17,12,Aprobada,2024-04-27,RRHH04,
E375,2025-01-12,2025-01-23,11,Aprobada,2024-10-27,RRHH03,
E149,2024-06-05,2024-06-09,4,Aprobada,2024-05-24,RRHH03,
E035,2024-07-05,2024-07-21,16,Pendiente,2024-07-02,,
E1197,2024-05-02,2024-05-10,8,Pendiente,2024-04-25,,
E584,2025-01-28,2025-02-18,21,Rechazada,2024-09-05,RRHH02,Exercitationem quisquam quia itaque recusandae ex cupiditate necessitatibus corporis sequi.
E876,2025-01-27,2025-02-13,17,Aprobada,2024-04-23,RRHH03,
E457,2024-10-31,2024-11-07,7,Aprobada,2024-05-15,RRHH02,
E201,2025-02-03,2025-02-20,17,Aprobada,2024-09-26,RRHH03,
E313,2025-01-11,2025-01-24,13,Aprobada,2024-06-14,RRHH01,
E606,2025-04-01,2025-04-15,14,Aprobada,2024-07-08,RRHH03,
E508,2024-04-30,2024-05-05,5,Pendiente,2024-04-24,,
E1162,2024-06-14,2024-07-03,19,Aprobada,2024-05-23,RRHH02,
E1066,2025-01-26,2025-02-05,10,Aprobada,2024-07-13,RRHH01,
E529,2024-11-16,2024-11-27,11,Aprobada,2024-10-29,RRHH01,
E469,2024-05-29,2024-06-13,15,Pendiente,2024-05-09,,
E361,2024-06-25,2024-07-11,16,Aprobada,2024-06-16,RRHH01,
E673,2024-07-12,2024-07-26,14,Pendiente,2024-05-20,,
E252,2024-06-27,2024-07-17,20,Aprobada,2024-06-24,RRHH01,
E258,2024-12-07,2024-12-16,9,Aprobada,2024-06-14,RRHH05,
E732,2025-04-09,2025-04-12,3,Aprobada,2025-01-22,RRHH03,
E135,2025-04-11,2025-04-25,14,Pendiente,2025-02-15,,
E1037,2024-07-31,2024-08-08,8,Pendiente,2024-04-26,,
E1022,2024-09-15,2024-09-20,5,Aprobada,2024-05-03,RRHH04,
E271,2024-06-16,2024-06-21,5,Aprobada,2024-05-22,RRHH03,
E737,2025-02-05,2025-02-17,12,Aprobada,2024-07-31,RRHH01,
E070,2024-07-13,2024-07-23,10,Pendiente,2024-05-03,,
E751,2025-01-24,2025-02-14,21,Pendiente,2024-12-19,,
E501,2025-04-12,2025-04-23,11,Aprobada,2025-02-19,RRHH04,
E1122,2024-08-08,2024-08-22,14,Aprobada,2024-07-26,RRHH02,
E1189,2024-09-21,2024-10-06,15,Pendiente,2024-09-04,,
E1069,2024-12-17,2025-01-02,16,Aprobada,2024-10-06,RRHH05,
E625,2024-09-16,2024-10-02,16,Aprobada,2024-05-28,RRHH05,
E955,2025-01-02,2025-01-15,13,Aprobada,2024-08-17,RRHH04,
E341,2024-05-13,2024-05-31,18,Rechazada,2024-05-04,RRHH05,Odit id eveniet non recusandae doloribus.
E141,2024-09-05,2024-09-14,9,Aprobada,2024-04-25,RRHH01,
E397,2024-06-30,2024-07-12,12,Pendiente,2024-05-26,,
E205,2025-03-26,2025-04-04,9,Aprobada,2024-09-29,RRHH02,
E005,2024-09-18,2024-09-25,7,Aprobada,2024-08-23,RRHH01,
E649,2024-11-30,2024-12-09,9,Aprobada,2024-05-24,RRHH04,
E054,2025-03-23,2025-03-26,3,Aprobada,2025-02-20,RRHH01,
E295,2024-07-11,2024-07-16,5,Pendiente,2024-05-24,,
E1096,2025-03-20,2025-04-02,13,Aprobada,2025-02-24,RRHH02,
E484,2025-02-07,2025-02-25,18,Aprobada,2024-05-05,RRHH04,
E490,2024-08-06,2024-08-16,10,Aprobada,2024-08-03,RRHH05,
E817,2024-07-20,2024-08-07,18,Aprobada,2024-06-01,RRHH01,
E805,2024-05-27,2024-05-31,4,Rechazada,2024-05-24,RRHH03,Magnam dolor quam fugiat similique quo.
E1076,2024-12-03,2024-12-12,9,Aprobada,2024-05-31,RRHH03,
E115,2024-10-02,2024-10-19,17,Rechazada,2024-09-26,RRHH04,Quo corporis nisi deleniti suscipit alias quibusdam.
E1075,2024-10-12,2024-10-30,18,Aprobada,2024-06-11,RRHH04,
E233,2024-06-12,2024-06-16,4,Pendiente,2024-04-29,,
E605,2025-03-23,2025-04-04,12,Aprobada,2024-08-04,RRHH04,
E928,2024-06-06,2024-06-26,20,Pendiente,2024-05-27,,
E182,2025-01-19,2025-01-25,6,Aprobada,2024-05-21,RRHH02,
E1090,2024-10-04,2024-10-08,4,Aprobada,2024-06-27,RRHH05,
E300,2025-01-05,2025-01-20,15,Aprobada,2024-06-25,RRHH03,
E504,2024-09-14,2024-09-27,13,Aprobada,2024-05-16,RRHH05,
E175,2025-03-21,2025-04-08,18,Pendiente,2025-01-06,,
E278,2024-09-16,2024-09-25,9,Rechazada,2024-06-01,RRHH04,Aperiam at incidunt hic optio veritatis quia.
E939,2024-09-23,2024-10-12,19,Aprobada,2024-05-30,RRHH04,
E596,2024-07-05,2024-07-22,17,Pendiente,2024-06-02,,
E759,2024-06-03,2024-06-17,14,Pendiente,2024-05-10,,
E1196,2025-02-19,2025-03-03,12,Aprobada,2024-05-29,RRHH05,
E903,2024-08-20,2024-09-05,16,Aprobada,2024-08-18,RRHH04,
E1166,2025-04-16,2025-04-24,8,Pendiente,2024-11-06,,
E028,2025-03-15,2025-03-22,7,Aprobada,2024-05-17,RRHH05,
E925,2024-07-08,2024-07-20,12,Pendiente,2024-07-03,,
E146,2024-10-26,2024-11-08,13,Aprobada,2024-08-15,RRHH01,
E858,2024-07-21,2024-08-03,13,Pendiente,2024-05-31,,
E1055,2024-12-25,2025-01-04,10,Aprobada,2024-05-07,RRHH01,
E459,2025-02-20,2025-02-26,6,Aprobada,2024-12-17,RRHH02,
E502,2024-12-06,2024-12-27,21,Pendiente,2024-08-13,,
E421,2025-01-16,2025-01-30,14,Aprobada,2024-06-26,RRHH04,
E613,2024-11-14,2024-12-05,21,Aprobada,2024-07-09,RRHH01,
E439,2024-06-28,2024-07-19,21,Aprobada,2024-06-23,RRHH02,
E122,2024-06-04,2024-06-18,14,Aprobada,2024-04-26,RRHH04,
E199,2025-03-19,2025-03-25,6,Aprobada,2025-01-27,RRHH02,
E467,2024-09-11,2024-09-16,5,Aprobada,2024-08-03,RRHH02,
E1044,2025-04-17,2025-04-28,11,Aprobada,2024-05-09,RRHH01,
E576,2024-12-24,2025-01-05,12,Rechazada,2024-05-07,RRHH02,Pariatur dolores dolor voluptate magni excepturi impedit tempora veritatis voluptatem.
E112,2024-05-14,2024-05-23,9,Aprobada,2024-05-04,RRHH05,
E164,2024-11-04,2024-11-23,19,Pendiente,2024-06-08,,
E168,2025-01-01,2025-01-20,19,Rechazada,2024-06-05,RRHH01,Suscipit non cum nulla ad porro optio.
E1046,2025-01-04,2025-01-13,9,Aprobada,2024-06-18,RRHH05,
E135,2024-06-24,2024-07-12,18,Aprobada,2024-05-20,RRHH02,
E521,2024-09-27,2024-10-02,5,Aprobada,2024-04-23,RRHH04,
E1034,2024-07-28,2024-08-09,12,Pendiente,2024-07-18,,
E395,2024-11-13,2024-11-22,9,Rechazada,2024-05-15,RRHH02,Asperiores nostrum omnis porro unde non deserunt ut.
E957,2024-04-25,2024-05-05,10,Aprobada,2024-04-23,RRHH02,
E534,2024-06-29,2024-07-05,6,Aprobada,2024-05-07,RRHH05,
E528,2024-09-28,2024-10-09,11,Aprobada,2024-04-28,RRHH02,
E1100,2024-09-14,2024-10-04,20,Aprobada,2024-08-24,RRHH01,
E492,2025-04-12,2025-04-29,17,Aprobada,2024-10-10,RRHH01,
E183,2025-02-13,2025-02-16,3,Aprobada,2024-07-04,RRHH03,
E1140,2025-01-10,2025-01-29,19,Aprobada,2024-09-11,RRHH05,
E420,2024-05-17,2024-05-30,13,Pendiente,2024-05-11,,
E1197,2024-11-29,2024-12-08,9,Pendiente,2024-11-01,,
E1081,2025-01-06,2025-01-21,15,Pendiente,2024-11-17,,
E604,2025-01-14,2025-01-20,6,Aprobada,2024-07-27,RRHH01,
E454,2024-06-19,2024-06-27,8,Pendiente,2024-05-30,,
E1118,2024-09-28,2024-10-14,16,Pendiente,2024-08-24,,
E966,2024-11-20,2024-11-23,3,Pendiente,2024-10-28,,
E693,2025-04-03,2025-04-23,20,Aprobada,2025-02-12,RRHH03,
E113,2024-06-07,2024-06-19,12,Rechazada,2024-05-18,RRHH03,Et quas quibusdam vero architecto.
E253,2025-04-02,2025-04-07,5,Aprobada,2024-08-18,RRHH03,
E866,2024-08-31,2024-09-08,8,Aprobada,2024-05-06,RRHH05,
E293,2024-05-07,2024-05-23,16,Aprobada,2024-04-22,RRHH04,
E923,2024-09-24,2024-09-29,5,Pendiente,2024-07-29,,
E1021,2024-05-25,2024-06-01,7,Aprobada,2024-05-21,RRHH04,
E154,2024-12-13,2024-12-26,13,Pendiente,2024-04-26,,
E628,2024-06-05,2024-06-18,13,Aprobada,2024-06-01,RRHH01,
E565,2024-07-05,2024-07-23,18,Rechazada,2024-06-10,RRHH02,Reprehenderit quisquam possimus adipisci earum.
E071,2024-12-31,2025-01-19,19,Aprobada,2024-10-23,RRHH04,
E785,2024-10-05,2024-10-16,11,Aprobada,2024-08-06,RRHH03,
E474,2024-09-02,2024-09-22,20,Aprobada,2024-07-09,RRHH01,
E874,2024-05-04,2024-05-11,7,Aprobada,2024-04-28,RRHH05,
E479,2025-04-20,2025-04-26,6,Aprobada,2024-10-05,RRHH03,
E826,2025-03-07,2025-03-26,19,Aprobada,2025-01-12,RRHH05,
E670,2024-06-26,2024-07-10,14,Pendiente,2024-06-11,,
E1132,2025-01-19,2025-01-26,7,Aprobada,2024-07-30,RRHH03,
E387,2024-04-22,2024-04-27,5,Pendiente,2024-04-22,,
E490,2024-11-15,2024-11-25,10,Aprobada,2024-06-06,RRHH01,
E845,2025-04-21,2025-04-25,4,Aprobada,2024-05-26,RRHH05,
E336,2024-05-20,2024-05-29,9,Rechazada,2024-05-12,RRHH02,Saepe facilis excepturi autem aliquam iure.
E796,2024-06-19,2024-06-23,4,Aprobada,2024-04-30,RRHH03,
E654,2025-03-17,2025-03-23,6,Aprobada,2024-06-18,RRHH04,
E908,2024-07-13,2024-07-28,15,Aprobada,2024-06-28,RRHH02,
E173,2025-01-09,2025-01-23,14,Pendiente,2024-05-14,,
E924,2025-01-14,2025-01-22,8,Aprobada,2024-09-06,RRHH02,
E1004,2024-07-22,2024-08-07,16,Aprobada,2024-04-22,RRHH02,
E229,2024-10-04,2024-10-14,10,Aprobada,2024-05-01,RRHH04,
E248,2024-06-03,2024-06-12,9,Rechazada,2024-05-10,RRHH05,Unde similique consequuntur impedit impedit unde.
E384,2024-07-03,2024-07-17,14,Pendiente,2024-04-22,,
E960,2024-08-21,2024-09-07,17,Aprobada,2024-05-24,RRHH03,
E791,2025-01-21,2025-01-25,4,Aprobada,2024-08-15,RRHH02,
E412,2025-04-05,2025-04-19,14,Aprobada,2024-12-14,RRHH01,
E832,2024-12-03,2024-12-22,19,Aprobada,2024-08-16,RRHH01,
E260,2025-01-22,2025-02-12,21,Aprobada,2024-07-20,RRHH01,
E122,2024-08-17,2024-08-24,7,Pendiente,2024-07-04,,
E219,2024-08-24,2024-09-06,13,Pendiente,2024-06-28,,
E1011,2025-01-11,2025-01-15,4,Aprobada,2024-07-03,RRHH03,
E920,2024-08-26,2024-09-02,7,Pendiente,2024-07-01,,
E495,2024-12-25,2025-01-01,7,Rechazada,2024-05-17,RRHH03,Provident harum quas id libero porro saepe ipsa.
E069,2024-06-04,2024-06-13,9,Pendiente,2024-05-21,,
E973,2024-05-07,2024-05-24,17,Aprobada,2024-04-22,RRHH05,
E550,2024-07-17,2024-07-22,5,Aprobada,2024-06-13,RRHH04,
E1139,2024-06-12,2024-07-01,19,Pendiente,2024-04-30,,
E337,2025-03-28,2025-04-09,12,Rechazada,2024-06-11,RRHH05,Iste officiis voluptas earum itaque.
E449,2024-05-24,2024-05-28,4,Aprobada,2024-05-13,RRHH04,
E1093,2025-01-29,2025-02-07,9,Pendiente,2024-11-24,,
E146,2025-04-07,2025-04-20,13,Aprobada,2024-09-29,RRHH02,
E482,2025-03-08,2025-03-26,18,Pendiente,2024-04-25,,
E275,2024-06-02,2024-06-17,15,Aprobada,2024-04-28,RRHH02,
E241,2025-01-07,2025-01-25,18,Aprobada,2024-05-09,RRHH04,
E823,2025-04-10,2025-04-27,17,Rechazada,2024-08-12,RRHH04,Eum non recusandae placeat quis voluptates provident.
E1157,2024-06-06,2024-06-19,13,Rechazada,2024-04-22,RRHH01,Nostrum voluptatem odio totam odit hic.
E896,2024-08-26,2024-09-12,17,Aprobada,2024-07-25,RRHH03,
E120,2025-02-04,2025-02-16,12,Rechazada,2024-08-27,RRHH02,Cupiditate ut voluptatem provident omnis quam asperiores eos eaque facere.
E146,2024-12-08,2024-12-24,16,Pendiente,2024-11-01,,
E1144,2024-08-28,2024-09-17,20,Aprobada,2024-06-08,RRHH01,
E199,2025-03-19,2025-04-02,14,Pendiente,2024-10-20,,
E1070,2024-04-25,2024-05-02,7,Aprobada,2024-04-22,RRHH02,
E543,2024-08-31,2024-09-08,8,Aprobada,2024-05-26,RRHH04,
E468,2024-08-02,2024-08-18,16,Pendiente,2024-05-13,,
E391,2024-09-10,2024-09-14,4,Aprobada,2024-05-28,RRHH02,
E646,2024-08-09,2024-08-27,18,Aprobada,2024-07-13,RRHH04,
E1176,2024-05-04,2024-05-25,21,Aprobada,2024-04-25,RRHH02,
E786,2024-07-19,2024-07-31,12,Aprobada,2024-06-27,RRHH01,
E387,2025-04-11,2025-04-15,4,Aprobada,2024-12-09,RRHH02,
E680,2024-11-14,2024-11-30,16,Rechazada,2024-04-28,RRHH01,Pariatur officiis dolores suscipit atque recusandae.
E602,2024-05-19,2024-06-01,13,Aprobada,2024-05-17,RRHH05,
E594,2024-04-23,2024-05-04,11,Aprobada,2024-04-22,RRHH03,
E709,2025-02-07,2025-02-20,13,Pendiente,2024-10-11,,
E758,2025-04-22,2025-05-07,15,Aprobada,2024-11-13,RRHH02,
E020,2024-06-11,2024-06-24,13,Pendiente,2024-05-22,,
E335,2024-07-02,2024-07-08,6,Pendiente,2024-05-08,,
E282,2024-07-07,2024-07-28,21,Aprobada,2024-04-24,RRHH05,
E643,2024-12-22,2025-01-05,14,Aprobada,2024-05-29,RRHH05,
E985,2025-03-30,2025-04-14,15,Aprobada,2025-01-21,RRHH04,
E951,2024-10-17,2024-10-24,7,Aprobada,2024-09-22,RRHH02,
E365,2024-07-10,2024-07-27,17,Aprobada,2024-07-03,RRHH05,
E376,2025-01-17,2025-01-20,3,Aprobada,2024-07-01,RRHH01,
E806,2024-12-19,2024-12-22,3,Aprobada,2024-08-13,RRHH02,
E1140,2024-08-20,2024-08-25,5,Aprobada,2024-06-08,RRHH05,
E045,2024-12-01,2024-12-17,16,Aprobada,2024-09-17,RRHH03,
E884,2024-07-10,2024-07-13,3,Aprobada,2024-06-29,RRHH05,
E740,2024-07-29,2024-08-17,19,Aprobada,2024-06-05,RRHH05,
E457,2024-10-30,2024-11-15,16,Aprobada,2024-07-26,RRHH04,
E245,2025-02-27,2025-03-08,9,Aprobada,2024-07-27,RRHH05,
E290,2024-11-18,2024-11-25,7,Aprobada,2024-09-07,RRHH05,
E803,2024-04-30,2024-05-12,12,Rechazada,2024-04-28,RRHH01,Esse facilis ipsam debitis dignissimos.
E920,2024-12-28,2025-01-17,20,Aprobada,2024-07-05,RRHH01,
E976,2024-08-08,2024-08-25,17,Aprobada,2024-05-28,RRHH01,
E1046,2024-07-31,2024-08-18,18,Rechazada,2024-05-10,RRHH02,Quidem cum nobis rerum impedit ea dolor odio.
E736,2024-11-16,2024-11-21,5,Pendiente,2024-11-01,,
E1072,2024-12-19,2025-01-07,19,Aprobada,2024-05-11,RRHH04,
E1104,2024-09-27,2024-10-15,18,Pendiente,2024-06-25,,
E386,2024-06-09,2024-06-19,10,Rechazada,2024-05-25,RRHH03,Totam cupiditate pariatur velit tenetur mollitia mollitia vitae deserunt.
E415,2024-10-22,2024-11-09,18,Rechazada,2024-06-09,RRHH02,Accusantium minima sequi eos animi.
E293,2024-12-03,2024-12-10,7,Pendiente,2024-09-11,,
E683,2024-06-26,2024-07-17,21,Aprobada,2024-05-05,RRHH04,
E955,2024-05-01,2024-05-22,21,Aprobada,2024-04-25,RRHH01,
E690,2024-05-10,2024-05-18,8,Pendiente,2024-04-24,,
E967,2024-11-08,2024-11-19,11,Aprobada,2024-09-01,RRHH05,
E830,2024-08-08,2024-08-29,21,Aprobada,2024-06-04,RRHH02,
E033,2025-01-31,2025-02-15,15,Aprobada,2024-07-27,RRHH03,
E160,2024-05-30,2024-06-19,20,Aprobada,2024-05-10,RRHH03,
E221,2024-07-29,2024-08-08,10,Aprobada,2024-07-13,RRHH03,
E439,2025-03-30,2025-04-15,16,Aprobada,2024-06-28,RRHH04,
E654,2024-07-31,2024-08-07,7,Pendiente,2024-04-22,,
E553,2024-06-22,2024-07-10,18,Aprobada,2024-05-07,RRHH02,
E344,2024-05-14,2024-05-25,11,Pendiente,2024-05-11,,
E841,2024-09-18,2024-09-22,4,Aprobada,2024-06-23,RRHH02,
E923,2025-04-20,2025-05-01,11,Aprobada,2025-03-17,RRHH04,
E1073,2024-08-17,2024-08-30,13,Pendiente,2024-07-10,,
E832,2025-03-27,2025-04-07,11,Aprobada,2024-09-24,RRHH01,
E978,2024-08-26,2024-09-02,7,Aprobada,2024-07-17,RRHH03,
E1051,2024-12-09,2024-12-23,14,Aprobada,2024-06-24,RRHH05,
E1082,2024-12-10,2024-12-14,4,Aprobada,2024-08-16,RRHH04,
E987,2024-11-18,2024-12-02,14,Rechazada,2024-09-28,RRHH01,Atque repudiandae aperiam illo possimus quidem nesciunt sed dolor quaerat.
E387,2024-06-26,2024-07-16,20,Aprobada,2024-06-17,RRHH05,
E104,2024-11-06,2024-11-22,16,Aprobada,2024-06-11,RRHH04,
E302,2024-04-22,2024-05-05,13,Aprobada,2024-04-22,RRHH04,
E673,2025-01-13,2025-01-18,5,Pendiente,2024-10-12,,
E863,2024-08-23,2024-08-30,7,Aprobada,2024-05-13,RRHH01,
E937,2024-09-01,2024-09-10,9,Aprobada,2024-05-18,RRHH04,
E981,2024-10-21,2024-11-11,21,Aprobada,2024-06-16,RRHH02,
E970,2024-07-08,2024-07-22,14,Rechazada,2024-07-07,RRHH01,Voluptatum modi molestias nam delectus adipisci aliquid consequuntur.
E268,2024-07-12,2024-07-28,16,Pendiente,2024-07-03,,
E723,2024-06-14,2024-06-17,3,Aprobada,2024-05-27,RRHH04,
E131,2024-07-17,2024-07-21,4,Rechazada,2024-07-13,RRHH03,Soluta itaque excepturi aliquam cumque accusamus quisquam quia sunt.
E731,2024-12-29,2025-01-19,21,Aprobada,2024-08-03,RRHH02,
E429,2025-04-22,2025-05-02,10,Aprobada,2024-05-06,RRHH03,
E460,2024-11-16,2024-12-07,21,Pendiente,2024-08-10,,
E1048,2025-01-22,2025-02-10,19,Aprobada,2024-08-16,RRHH04,
E048,2024-11-04,2024-11-21,17,Aprobada,2024-04-27,RRHH01,
E1173,2024-05-17,2024-06-05,19,Aprobada,2024-05-08,RRHH02,
E176,2024-12-27,2025-01-06,10,Aprobada,2024-10-20,RRHH02,
E211,2024-06-25,2024-07-08,13,Aprobada,2024-05-13,RRHH04,
E1015,2024-09-30,2024-10-19,19,Pendiente,2024-08-03,,
E893,2024-08-03,2024-08-13,10,Pendiente,2024-06-03,,
E659,2025-04-06,2025-04-09,3,Pendiente,2025-01-20,,
E638,2024-07-22,2024-08-05,14,Aprobada,2024-06-28,RRHH05,
E275,2024-07-16,2024-07-24,8,Aprobada,2024-06-28,RRHH03,
E534,2024-09-19,2024-09-28,9,Aprobada,2024-07-03,RRHH02,
E247,2024-12-28,2025-01-07,10,Aprobada,2024-06-14,RRHH02,
E079,2024-05-11,2024-05-14,3,Aprobada,2024-05-01,RRHH02,
E439,2025-03-07,2025-03-23,16,Pendiente,2024-10-17,,
E567,2024-12-14,2025-01-01,18,Aprobada,2024-11-27,RRHH02,
E432,2024-12-29,2025-01-07,9,Rechazada,2024-08-12,RRHH03,Recusandae commodi commodi id animi mollitia quaerat aspernatur commodi.
E583,2025-02-10,2025-02-19,9,Pendiente,2024-06-16,,
E415,2024-09-12,2024-09-21,9,Rechazada,2024-05-10,RRHH01,Natus cumque cum rerum non exercitationem fugiat cupiditate culpa et.
E580,2024-08-06,2024-08-20,14,Pendiente,2024-05-20,,
E463,2024-08-31,2024-09-21,21,Aprobada,2024-07-30,RRHH01,
E304,2025-03-01,2025-03-17,16,Pendiente,2025-02-09,,
E669,2024-09-14,2024-09-29,15,Aprobada,2024-07-23,RRHH02,
E884,2024-06-10,2024-06-14,4,Pendiente,2024-05-16,,
E491,2024-09-18,2024-09-25,7,Aprobada,2024-07-28,RRHH01,
E294,2024-12-12,2024-12-16,4,Aprobada,2024-04-26,RRHH05,
E857,2024-10-19,2024-11-08,20,Pendiente,2024-10-08,,
E318,2024-11-11,2024-11-20,9,Rechazada,2024-10-03,RRHH04,Alias ut quidem atque illum quia officiis voluptas magni dolore.
E1179,2024-07-16,2024-08-05,20,Aprobada,2024-05-03,RRHH03,
E1090,2025-02-22,2025-03-02,8,Pendiente,2024-06-25,,
E674,2024-11-30,2024-12-21,21,Aprobada,2024-05-27,RRHH03,
E862,2024-07-11,2024-07-14,3,Aprobada,2024-06-27,RRHH05,
E001,2025-03-16,2025-04-02,17,Aprobada,2025-01-22,RRHH04,
E278,2024-09-01,2024-09-19,18,Pendiente,2024-05-20,,
E184,2024-07-04,2024-07-15,11,Pendiente,2024-05-02,,
E823,2024-11-30,2024-12-18,18,Aprobada,2024-08-25,RRHH05,
E194,2025-03-30,2025-04-16,17,Pendiente,2024-04-30,,
E906,2025-04-09,2025-04-18,9,Aprobada,2025-01-13,RRHH02,
E436,2025-01-23,2025-02-12,20,Aprobada,2024-10-25,RRHH04,
E256,2025-01-12,2025-01-22,10,Aprobada,2024-10-21,RRHH03,
E448,2024-04-26,2024-05-01,5,Aprobada,2024-04-25,RRHH05,
E285,2024-07-10,2024-07-16,6,Pendiente,2024-04-26,,
E211,2025-03-18,2025-03-30,12,Pendiente,2025-02-03,,
E1060,2025-01-06,2025-01-27,21,Pendiente,2024-12-24,,
E923,2024-08-09,2024-08-28,19,Pendiente,2024-05-07,,
E433,2025-03-02,2025-03-06,4,Aprobada,2025-02-25,RRHH04,
E126,2024-06-02,2024-06-12,10,Aprobada,2024-04-27,RRHH05,
E261,2025-02-15,2025-02-24,9,Aprobada,2024-08-05,RRHH05,
E266,2025-01-10,2025-01-30,20,Aprobada,2024-09-24,RRHH05,
E1053,2025-01-27,2025-02-05,9,Aprobada,2024-08-21,RRHH05,
E353,2024-12-15,2024-12-22,7,Aprobada,2024-12-07,RRHH01,
E366,2025-01-02,2025-01-11,9,Aprobada,2024-08-08,RRHH05,
E464,2024-10-03,2024-10-22,19,Aprobada,2024-09-09,RRHH03,
E828,2024-12-25,2024-12-30,5,Aprobada,2024-09-04,RRHH01,
E1151,2025-04-08,2025-04-16,8,Aprobada,2024-12-25,RRHH03,
E089,2024-09-21,2024-10-05,14,Aprobada,2024-08-10,RRHH01,
E200,2025-01-10,2025-01-22,12,Aprobada,2024-05-04,RRHH02,
E877,2024-10-01,2024-10-09,8,Pendiente,2024-07-28,,
E1121,2024-11-29,2024-12-14,15,Aprobada,2024-06-11,RRHH02,
E166,2024-08-10,2024-08-21,11,Aprobada,2024-04-25,RRHH01,
E348,2025-02-22,2025-03-03,9,Aprobada,2024-05-31,RRHH02,
E418,2025-01-30,2025-02-15,16,Pendiente,2024-09-16,,
E534,2024-06-22,2024-07-12,20,Aprobada,2024-04-22,RRHH04,
E011,2024-11-27,2024-12-17,20,Rechazada,2024-05-13,RRHH04,Ad reiciendis porro ipsum culpa.
E585,2024-10-21,2024-11-06,16,Aprobada,2024-06-18,RRHH01,
E362,2025-02-24,2025-03-04,8,Aprobada,2024-10-11,RRHH03,
E386,2025-02-07,2025-02-17,10,Aprobada,2024-06-12,RRHH02,
E084,2025-01-26,2025-02-04,9,Aprobada,2025-01-15,RRHH02,
E1068,2025-01-15,2025-01-31,16,Pendiente,2024-08-31,,
E934,2025-02-23,2025-02-26,3,Rechazada,2024-09-22,RRHH02,Provident commodi aspernatur possimus incidunt eum mollitia.
E1170,2024-12-05,2024-12-16,11,Aprobada,2024-07-27,RRHH04,
E822,2024-11-24,2024-12-02,8,Rechazada,2024-09-28,RRHH03,Porro ipsam accusantium ullam animi recusandae.
E700,2025-02-12,2025-02-15,3,Aprobada,2024-08-30,RRHH02,
E462,2024-10-18,2024-11-03,16,Aprobada,2024-08-28,RRHH03,
E864,2024-09-14,2024-09-27,13,Pendiente,2024-08-04,,
E1066,2024-06-19,2024-06-27,8,Aprobada,2024-05-05,RRHH02,
E387,2024-12-12,2024-12-27,15,Pendiente,2024-06-07,,
E273,2024-06-18,2024-06-27,9,Aprobada,2024-06-14,RRHH01,
E1008,2025-03-13,2025-03-24,11,Aprobada,2025-01-11,RRHH02,
E619,2024-05-04,2024-05-15,11,Aprobada,2024-04-28,RRHH04,
E1096,2025-04-18,2025-04-25,7,Aprobada,2024-11-26,RRHH04,
E775,2025-01-15,2025-01-31,16,Rechazada,2024-07-21,RRHH02,Tenetur saepe dolores distinctio expedita tempora.
E278,2025-04-10,2025-04-19,9,Aprobada,2025-01-22,RRHH03,
E918,2024-08-01,2024-08-22,21,Aprobada,2024-06-05,RRHH01,
E897,2024-09-12,2024-09-18,6,Pendiente,2024-07-31,,
E908,2025-02-23,2025-02-26,3,Aprobada,2024-06-02,RRHH05,
E1197,2025-02-01,2025-02-12,11,Aprobada,2024-07-08,RRHH03,
E345,2024-09-09,2024-09-20,11,Pendiente,2024-08-09,,
E650,2024-12-30,2025-01-05,6,Pendiente,2024-11-30,,
E568,2024-05-16,2024-05-23,7,Pendiente,2024-05-10,,
E639,2024-10-19,2024-10-29,10,Aprobada,2024-10-16,RRHH04,
E499,2024-10-02,2024-10-20,18,Aprobada,2024-09-11,RRHH05,
E1005,2024-11-13,2024-11-17,4,Aprobada,2024-10-10,RRHH02,
E108,2024-06-13,2024-06-26,13,Aprobada,2024-06-02,RRHH01,
E551,2024-06-18,2024-06-24,6,Pendiente,2024-05-30,,
E558,2025-01-16,2025-01-21,5,Pendiente,2024-05-09,,
E305,2025-01-18,2025-02-08,21,Aprobada,2025-01-14,RRHH05,
E712,2024-07-27,2024-08-17,21,Aprobada,2024-04-28,RRHH02,
E320,2024-06-07,2024-06-26,19,Pendiente,2024-05-24,,
E161,2025-03-05,2025-03-26,21,Rechazada,2024-07-17,RRHH02,Molestiae aspernatur maxime amet consectetur dicta ipsa ut ducimus.
E299,2025-03-17,2025-03-22,5,Pendiente,2024-08-01,,
E495,2024-05-21,2024-05-25,4,Pendiente,2024-05-09,,
E680,2024-09-19,2024-09-25,6,Aprobada,2024-07-28,RRHH04,
E871,2024-08-27,2024-09-14,18,Pendiente,2024-07-24,,
E602,2024-07-01,2024-07-15,14,Pendiente,2024-05-25,,
E172,2025-03-05,2025-03-15,10,Aprobada,2024-11-01,RRHH04,
E841,2024-05-16,2024-05-22,6,Pendiente,2024-04-24,,
E983,2025-01-20,2025-02-05,16,Aprobada,2024-12-25,RRHH04,
E1071,2025-01-06,2025-01-16,10,Aprobada,2024-08-06,RRHH04,
E252,2024-12-12,2024-12-20,8,Pendiente,2024-10-19,,
E540,2024-09-08,2024-09-19,11,Pendiente,2024-07-13,,
E864,2024-07-28,2024-08-08,11,Aprobada,2024-05-22,RRHH04,
E816,2024-08-14,2024-08-20,6,Pendiente,2024-06-24,,
E288,2025-03-29,2025-04-14,16,Aprobada,2024-07-23,RRHH05,
E1007,2024-05-19,2024-05-29,10,Aprobada,2024-05-14,RRHH01,
E1169,2025-03-15,2025-03-26,11,Aprobada,2024-12-02,RRHH04,
E724,2024-08-30,2024-09-04,5,Pendiente,2024-05-24,,
E1191,2024-11-22,2024-12-08,16,Aprobada,2024-07-06,RRHH02,
E810,2025-04-14,2025-04-26,12,Aprobada,2024-07-19,RRHH01,
E410,2024-11-17,2024-12-01,14,Rechazada,2024-05-28,RRHH01,Voluptatem laudantium similique dicta beatae dignissimos magnam sed ipsam veniam.
E546,2024-06-24,2024-07-11,17,Aprobada,2024-04-27,RRHH02,
E177,2024-09-28,2024-10-17,19,Aprobada,2024-08-02,RRHH05,
E418,2024-10-02,2024-10-19,17,Aprobada,2024-09-23,RRHH05,
E548,2025-04-19,2025-04-26,7,Aprobada,2025-01-25,RRHH05,
E186,2025-01-30,2025-02-14,15,Aprobada,2024-07-28,RRHH02,
E1013,2024-09-12,2024-10-03,21,Aprobada,2024-09-04,RRHH01,
E1046,2024-12-11,2024-12-22,11,Aprobada,2024-10-15,RRHH03,
E920,2024-06-19,2024-06-25,6,Pendiente,2024-04-22,,
E826,2024-07-24,2024-08-08,15,Rechazada,2024-06-08,RRHH05,Modi quia molestiae veniam quos temporibus voluptatibus.
E1042,2024-06-30,2024-07-15,15,Pendiente,2024-04-23,,
E364,2024-07-25,2024-08-03,9,Pendiente,2024-05-17,,
E805,2024-12-01,2024-12-18,17,Aprobada,2024-06-29,RRHH02,
E853,2024-06-21,2024-07-10,19,Aprobada,2024-05-21,RRHH02,
E648,2024-08-05,2024-08-13,8,Aprobada,2024-05-26,RRHH03,
E146,2025-02-06,2025-02-17,11,Pendiente,2024-08-20,,
E1147,2024-06-09,2024-06-16,7,Aprobada,2024-05-13,RRHH01,
E1002,2024-08-16,2024-08-29,13,Rechazada,2024-06-18,RRHH02,Officia repellat eum repudiandae incidunt repellendus.
E097,2025-03-06,2025-03-14,8,Pendiente,2024-09-13,,
E101,2025-01-19,2025-01-23,4,Aprobada,2024-07-22,RRHH04,
E901,2025-03-13,2025-03-30,17,Aprobada,2024-05-19,RRHH03,
E1055,2024-08-06,2024-08-22,16,Rechazada,2024-05-28,RRHH05,Rem architecto fugiat deleniti accusantium molestiae vero repudiandae.
E688,2024-11-08,2024-11-23,15,Aprobada,2024-08-25,RRHH04,
E1023,2025-04-11,2025-04-20,9,Rechazada,2024-06-16,RRHH05,Tenetur molestias deserunt amet modi nesciunt.
E805,2024-05-08,2024-05-19,11,Aprobada,2024-04-22,RRHH01,
E582,2024-07-22,2024-08-09,18,Aprobada,2024-07-03,RRHH03,
E667,2024-05-30,2024-06-18,19,Aprobada,2024-04-25,RRHH05,
E299,2024-10-21,2024-10-27,6,Aprobada,2024-07-22,RRHH04,
E653,2024-08-31,2024-09-17,17,Pendiente,2024-06-20,,
E1182,2025-04-22,2025-05-05,13,Pendiente,2024-08-26,,
E707,2024-10-22,2024-11-01,10,Pendiente,2024-06-05,,
E485,2024-08-28,2024-09-08,11,Rechazada,2024-08-21,RRHH05,Error repellat laborum ea quae optio accusamus.
E040,2024-06-11,2024-06-22,11,Aprobada,2024-06-09,RRHH02,
E890,2024-09-22,2024-10-10,18,Aprobada,2024-05-16,RRHH02,
E235,2025-04-14,2025-04-26,12,Aprobada,2025-04-03,RRHH01,
E213,2025-03-16,2025-03-29,13,Aprobada,2024-11-06,RRHH02,
E193,2025-01-20,2025-01-26,6,Rechazada,2024-06-13,RRHH04,Laboriosam doloribus sint explicabo aspernatur maxime ea officiis natus.
E896,2024-08-14,2024-08-17,3,Aprobada,2024-07-03,RRHH02,
E109,2025-02-14,2025-03-04,18,Pendiente,2024-10-26,,
E041,2024-10-12,2024-10-16,4,Aprobada,2024-05-25,RRHH02,
E472,2024-06-04,2024-06-11,7,Aprobada,2024-05-07,RRHH02,
E024,2024-12-24,2025-01-14,21,Aprobada,2024-08-04,RRHH01,
E917,2024-07-04,2024-07-11,7,Pendiente,2024-05-19,,
E776,2024-10-07,2024-10-20,13,Pendiente,2024-07-31,,
E696,2024-10-04,2024-10-14,10,Aprobada,2024-09-01,RRHH05,
E1046,2024-12-02,2024-12-16,14,Aprobada,2024-09-14,RRHH05,
E028,2025-02-19,2025-03-12,21,Pendiente,2024-10-26,,
E646,2024-09-25,2024-09-28,3,Aprobada,2024-05-08,RRHH03,
E536,2024-12-27,2025-01-15,19,Aprobada,2024-06-02,RRHH05,
E257,2024-05-09,2024-05-25,16,Aprobada,2024-04-24,RRHH03,
E1048,2025-01-20,2025-02-03,14,Aprobada,2024-04-25,RRHH02,
E1151,2025-02-05,2025-02-15,10,Aprobada,2025-02-03,RRHH01,
E911,2025-01-03,2025-01-23,20,Pendiente,2024-08-09,,
E421,2024-10-21,2024-11-06,16,Rechazada,2024-10-14,RRHH01,Minima atque id laborum ullam nobis amet iure illum impedit.
E928,2025-03-08,2025-03-24,16,Pendiente,2024-04-30,,
E086,2024-09-17,2024-09-26,9,Aprobada,2024-05-31,RRHH05,
E265,2024-05-18,2024-05-24,6,Aprobada,2024-05-05,RRHH01,
E850,2024-09-05,2024-09-23,18,Aprobada,2024-05-25,RRHH04,
E1131,2024-09-28,2024-10-03,5,Aprobada,2024-09-18,RRHH01,
E137,2024-10-19,2024-11-09,21,Pendiente,2024-08-25,,
E206,2024-07-24,2024-08-01,8,Pendiente,2024-07-10,,
E1170,2024-04-26,2024-05-06,10,Rechazada,2024-04-24,RRHH02,Fugiat exercitationem facere recusandae error reprehenderit ipsa quia.
E716,2025-03-17,2025-03-20,3,Pendiente,2025-02-04,,
E163,2024-09-11,2024-09-27,16,Pendiente,2024-08-05,,
E079,2024-11-24,2024-11-29,5,Rechazada,2024-05-28,RRHH02,Modi sit iste accusantium.
E767,2025-01-28,2025-02-06,9,Aprobada,2024-10-01,RRHH03,
E616,2025-02-05,2025-02-13,8,Aprobada,2025-01-21,RRHH04,
E096,2024-12-23,2025-01-02,10,Pendiente,2024-08-15,,
E1125,2025-03-13,2025-03-20,7,Aprobada,2024-05-19,RRHH04,
E606,2024-11-17,2024-11-21,4,Aprobada,2024-06-08,RRHH05,
E508,2024-05-20,2024-06-01,12,Aprobada,2024-05-14,RRHH04,
E872,2025-02-16,2025-03-05,17,Aprobada,2024-10-27,RRHH02,
E426,2025-03-30,2025-04-14,15,Pendiente,2024-12-10,,
E061,2024-08-14,2024-08-25,11,Aprobada,2024-06-22,RRHH01,
E416,2024-08-20,2024-09-03,14,Pendiente,2024-05-20,,
E724,2025-03-16,2025-04-02,17,Aprobada,2025-01-15,RRHH01,
E722,2025-02-02,2025-02-08,6,Aprobada,2024-06-22,RRHH01,
E1017,2024-08-12,2024-08-27,15,Aprobada,2024-08-11,RRHH02,
E738,2025-01-22,2025-02-10,19,Aprobada,2024-09-07,RRHH05,
E332,2024-07-04,2024-07-08,4,Pendiente,2024-05-10,,
E266,2024-05-28,2024-06-11,14,Aprobada,2024-05-15,RRHH01,
E130,2024-10-30,2024-11-09,10,Aprobada,2024-08-01,RRHH02,
E643,2025-04-07,2025-04-20,13,Aprobada,2024-08-16,RRHH02,
E648,2024-07-30,2024-08-06,7,Aprobada,2024-07-13,RRHH01,
E294,2024-06-13,2024-06-19,6,Pendiente,2024-05-23,,
E043,2024-06-20,2024-06-24,4,Aprobada,2024-04-22,RRHH04,
E382,2024-12-20,2025-01-10,21,Aprobada,2024-04-28,RRHH01,
E1002,2024-09-09,2024-09-17,8,Pendiente,2024-06-23,,
E648,2025-03-01,2025-03-22,21,Aprobada,2024-09-18,RRHH03,
E1014,2025-03-20,2025-03-24,4,Pendiente,2024-07-28,,
E039,2024-08-17,2024-08-31,14,Aprobada,2024-07-02,RRHH05,
E932,2024-05-15,2024-05-29,14,Rechazada,2024-05-01,RRHH02,Recusandae porro unde repellendus at eos dolore a minima corporis pariatur.
E767,2024-09-20,2024-10-02,12,Pendiente,2024-07-20,,
E816,2024-06-11,2024-06-29,18,Pendiente,2024-05-16,,
E007,2024-07-15,2024-07-29,14,Pendiente,2024-05-22,,
E1169,2024-09-30,2024-10-17,17,Pendiente,2024-08-17,,
E536,2024-08-15,2024-08-24,9,Aprobada,2024-06-06,RRHH05,
E1025,2024-09-19,2024-09-30,11,Pendiente,2024-07-19,,
E930,2024-10-11,2024-10-26,15,Aprobada,2024-06-06,RRHH03,
E299,2024-11-21,2024-12-11,20,Pendiente,2024-09-05,,
E656,2025-01-12,2025-01-15,3,Pendiente,2024-11-14,,
E075,2024-05-25,2024-06-13,19,Aprobada,2024-05-16,RRHH03,
E960,2024-10-16,2024-11-06,21,Aprobada,2024-09-24,RRHH02,
E336,2024-06-09,2024-06-12,3,Pendiente,2024-05-31,,
E178,2025-03-16,2025-03-30,14,Pendiente,2024-06-12,,
E872,2025-02-18,2025-03-11,21,Pendiente,2024-12-17,,
E765,2024-11-04,2024-11-19,15,Rechazada,2024-09-02,RRHH04,Minus nemo cum itaque similique quas.
E1073,2025-02-08,2025-02-11,3,Rechazada,2024-08-20,RRHH01,At facere cumque ad expedita rem aperiam.
E711,2024-10-23,2024-11-02,10,Aprobada,2024-09-19,RRHH03,
E488,2024-09-04,2024-09-11,7,Aprobada,2024-05-25,RRHH04,
E1087,2024-12-10,2024-12-26,16,Aprobada,2024-06-16,RRHH01,
E537,2024-06-27,2024-07-15,18,Aprobada,2024-05-12,RRHH05,
E1015,2024-11-10,2024-11-28,18,Aprobada,2024-05-15,RRHH03,
E050,2024-05-06,2024-05-21,15,Pendiente,2024-05-04,,
E546,2025-03-25,2025-04-01,7,Pendiente,2024-05-04,,
E1133,2025-03-22,2025-04-07,16,Aprobada,2024-12-20,RRHH04,
E047,2024-09-12,2024-09-22,10,Aprobada,2024-08-11,RRHH03,
E773,2025-01-24,2025-02-07,14,Aprobada,2024-11-14,RRHH03,
E655,2025-01-10,2025-01-25,15,Aprobada,2024-10-17,RRHH01,
E107,2024-10-16,2024-10-31,15,Pendiente,2024-08-03,,
E481,2024-10-27,2024-11-11,15,Pendiente,2024-08-31,,
E670,2024-06-24,2024-06-30,6,Pendiente,2024-05-04,,
E450,2024-10-24,2024-10-29,5,Aprobada,2024-09-09,RRHH04,
E009,2024-05-21,2024-05-25,4,Aprobada,2024-05-19,RRHH04,
E830,2024-12-23,2025-01-02,10,Aprobada,2024-08-31,RRHH02,
E672,2025-02-05,2025-02-17,12,Pendiente,2024-10-16,,
E1109,2024-07-16,2024-07-22,6,Rechazada,2024-05-28,RRHH03,Eius ad voluptatem nulla cupiditate mollitia aspernatur quo itaque.
E1168,2024-09-19,2024-10-08,19,Aprobada,2024-06-23,RRHH02,
E1115,2024-09-06,2024-09-26,20,Pendiente,2024-08-14,,
E1113,2024-04-24,2024-05-13,19,Pendiente,2024-04-22,,
E1019,2025-01-20,2025-01-27,7,Aprobada,2024-05-29,RRHH03,
E618,2025-03-28,2025-04-02,5,Pendiente,2025-03-05,,
E338,2024-07-09,2024-07-19,10,Aprobada,2024-04-29,RRHH04,
E657,2024-11-04,2024-11-09,5,Pendiente,2024-08-29,,
E550,2025-01-27,2025-02-02,6,Aprobada,2024-12-31,RRHH05,
E979,2025-01-19,2025-01-25,6,Aprobada,2024-05-12,RRHH04,
E002,2025-04-10,2025-05-01,21,Pendiente,2025-01-05,,
E245,2024-10-22,2024-11-09,18,Rechazada,2024-04-29,RRHH02,Ratione quod illum ad molestiae autem rem occaecati quibusdam.
E1002,2025-02-04,2025-02-08,4,Pendiente,2024-07-15,,
E1162,2025-02-16,2025-03-05,17,Rechazada,2024-05-20,RRHH01,Similique ipsa autem dolor quod excepturi mollitia similique adipisci.
E729,2024-11-30,2024-12-04,4,Rechazada,2024-08-06,RRHH01,Similique pariatur minus nostrum nam sit excepturi.
E522,2024-10-23,2024-11-03,11,Aprobada,2024-05-25,RRHH04,
E374,2024-07-30,2024-08-09,10,Aprobada,2024-05-07,RRHH01,
E645,2025-01-03,2025-01-07,4,Aprobada,2024-07-29,RRHH03,
E081,2024-08-13,2024-08-21,8,Pendiente,2024-07-14,,
E869,2025-02-03,2025-02-09,6,Aprobada,2024-06-21,RRHH02,
E067,2024-07-18,2024-08-05,18,Aprobada,2024-06-08,RRHH02,
E290,2025-01-13,2025-01-25,12,Aprobada,2024-05-18,RRHH05,
E1029,2024-05-01,2024-05-09,8,Aprobada,2024-04-23,RRHH01,
E752,2025-01-27,2025-02-04,8,Pendiente,2024-11-05,,
E1146,2024-09-27,2024-10-16,19,Pendiente,2024-07-03,,
E1059,2024-11-20,2024-11-25,5,Aprobada,2024-05-09,RRHH03,
E892,2025-04-20,2025-05-05,15,Aprobada,2024-10-03,RRHH01,
E050,2024-11-30,2024-12-16,16,Rechazada,2024-10-10,RRHH01,Possimus ex consequuntur illum dolorem quo.
E829,2025-02-16,2025-03-01,13,Pendiente,2024-10-27,,
E721,2024-11-01,2024-11-16,15,Aprobada,2024-08-07,RRHH05,
E872,2024-07-10,2024-07-20,10,Pendiente,2024-06-29,,
E1045,2025-03-26,2025-04-08,13,Aprobada,2024-09-16,RRHH01,
E532,2024-07-30,2024-08-10,11,Aprobada,2024-05-07,RRHH03,
E1023,2025-03-15,2025-04-01,17,Aprobada,2024-10-10,RRHH03,
E677,2024-10-23,2024-11-10,18,Aprobada,2024-09-10,RRHH05,
E249,2024-10-03,2024-10-19,16,Pendiente,2024-05-13,,
E601,2024-12-26,2025-01-12,17,Aprobada,2024-11-28,RRHH01,
E174,2024-08-30,2024-09-11,12,Pendiente,2024-08-26,,
E930,2024-07-02,2024-07-09,7,Pendiente,2024-06-08,,
E803,2024-06-05,2024-06-26,21,Pendiente,2024-05-22,,
E1157,2025-03-04,2025-03-18,14,Aprobada,2025-02-10,RRHH02,
E609,2024-08-11,2024-08-16,5,Aprobada,2024-08-10,RRHH02,
E147,2024-09-07,2024-09-18,11,Aprobada,2024-05-16,RRHH02,
E748,2025-04-18,2025-04-26,8,Aprobada,2025-01-17,RRHH02,
E217,2024-11-23,2024-12-10,17,Aprobada,2024-04-27,RRHH03,
E861,2025-03-10,2025-03-15,5,Aprobada,2025-02-22,RRHH02,
E876,2025-04-13,2025-04-24,11,Pendiente,2024-05-24,,
E510,2024-10-27,2024-11-10,14,Pendiente,2024-06-23,,
E937,2025-02-26,2025-03-19,21,Aprobada,2024-04-28,RRHH05,
E566,2024-09-07,2024-09-13,6,Pendiente,2024-09-03,,
E1171,2025-02-02,2025-02-12,10,Aprobada,2024-05-16,RRHH02,
E685,2024-04-29,2024-05-05,6,Rechazada,2024-04-25,RRHH02,Eveniet rerum eaque minima ullam quidem itaque aliquam.
E277,2025-01-18,2025-02-02,15,Aprobada,2024-10-03,RRHH02,
E816,2024-09-10,2024-09-26,16,Aprobada,2024-06-19,RRHH03,
E049,2024-07-26,2024-08-06,11,Pendiente,2024-07-08,,
E597,2024-09-17,2024-09-24,7,Pendiente,2024-05-22,,
E180,2024-05-26,2024-06-09,14,Aprobada,2024-04-22,RRHH04,
E674,2024-05-24,2024-06-03,10,Rechazada,2024-05-19,RRHH02,Animi vel animi soluta modi sunt.
E969,2024-06-01,2024-06-19,18,Pendiente,2024-05-20,,
E512,2024-11-05,2024-11-21,16,Pendiente,2024-08-01,,
E1049,2025-01-20,2025-02-10,21,Pendiente,2024-05-29,,
E106,2024-11-30,2024-12-06,6,Aprobada,2024-06-21,RRHH01,
E072,2025-02-17,2025-03-02,13,Pendiente,2024-11-28,,
E366,2024-10-24,2024-11-01,8,Rechazada,2024-04-28,RRHH02,Neque voluptatem ab sequi iusto animi quasi.
E862,2024-12-23,2024-12-30,7,Aprobada,2024-05-08,RRHH01,
E603,2024-06-16,2024-06-25,9,Aprobada,2024-05-13,RRHH02,
E772,2024-05-18,2024-06-04,17,Pendiente,2024-05-02,,
E566,2024-07-07,2024-07-23,16,Aprobada,2024-05-04,RRHH04,
E438,2024-11-10,2024-11-16,6,Pendiente,2024-05-15,,
E939,2024-09-28,2024-10-13,15,Aprobada,2024-09-20,RRHH02,
E1099,2024-10-27,2024-11-17,21,Rechazada,2024-06-18,RRHH02,Quia molestiae accusamus est a consequuntur illum voluptatem.
E222,2024-06-28,2024-07-09,11,Pendiente,2024-05-10,,
E1135,2025-01-24,2025-01-28,4,Pendiente,2025-01-17,,
E121,2025-03-22,2025-04-07,16,Aprobada,2024-05-19,RRHH01,
E349,2024-05-04,2024-05-15,11,Aprobada,2024-04-29,RRHH03,
E024,2025-01-09,2025-01-29,20,Pendiente,2024-12-01,,
E022,2025-01-15,2025-01-19,4,Aprobada,2024-08-20,RRHH04,
E830,2024-11-08,2024-11-11,3,Pendiente,2024-09-24,,
E550,2024-06-01,2024-06-22,21,Aprobada,2024-05-17,RRHH01,
E1139,2024-05-12,2024-05-30,18,Pendiente,2024-05-06,,
E413,2024-11-06,2024-11-13,7,Aprobada,2024-10-20,RRHH01,
E462,2024-09-03,2024-09-16,13,Pendiente,2024-06-17,,
E740,2024-10-27,2024-11-11,15,Aprobada,2024-10-07,RRHH04,
E356,2024-05-25,2024-05-31,6,Pendiente,2024-05-17,,
E717,2025-03-04,2025-03-14,10,Pendiente,2024-09-26,,
E663,2024-08-26,2024-09-08,13,Aprobada,2024-04-25,RRHH03,
E243,2024-10-23,2024-10-30,7,Aprobada,2024-10-06,RRHH04,
E067,2024-06-26,2024-07-03,7,Aprobada,2024-05-28,RRHH04,
E1055,2024-10-25,2024-11-04,10,Pendiente,2024-08-31,,
E794,2024-07-08,2024-07-26,18,Aprobada,2024-05-12,RRHH01,
E631,2024-06-18,2024-07-02,14,Pendiente,2024-05-20,,
E938,2025-04-12,2025-04-15,3,Aprobada,2025-04-01,RRHH03,
E1150,2025-04-08,2025-04-12,4,Aprobada,2024-04-23,RRHH05,
E1181,2024-12-11,2024-12-19,8,Aprobada,2024-08-17,RRHH04,
E712,2024-09-29,2024-10-02,3,Pendiente,2024-08-30,,
E799,2025-01-26,2025-02-10,15,Aprobada,2024-06-18,RRHH04,
E685,2024-06-30,2024-07-10,10,Aprobada,2024-06-14,RRHH03,
E970,2024-04-24,2024-05-02,8,Pendiente,2024-04-22,,
E705,2024-07-28,2024-08-11,14,Aprobada,2024-06-03,RRHH02,
E328,2025-04-01,2025-04-16,15,Rechazada,2024-12-07,RRHH03,Incidunt fuga placeat provident veniam dolores numquam.
E137,2024-07-04,2024-07-17,13,Aprobada,2024-06-25,RRHH03,
E203,2024-06-04,2024-06-24,20,Aprobada,2024-04-30,RRHH05,
E869,2025-01-09,2025-01-17,8,Aprobada,2024-08-01,RRHH01,
E240,2024-12-14,2024-12-24,10,Aprobada,2024-09-13,RRHH03,
E1031,2025-01-18,2025-01-29,11,Pendiente,2024-08-26,,
E375,2024-09-26,2024-10-13,17,Aprobada,2024-06-04,RRHH05,
E502,2024-09-26,2024-10-14,18,Aprobada,2024-05-18,RRHH04,
E918,2025-01-18,2025-02-08,21,Aprobada,2024-05-15,RRHH01,
E073,2024-10-02,2024-10-11,9,Aprobada,2024-07-09,RRHH04,
E226,2025-02-26,2025-03-19,21,Rechazada,2024-04-30,RRHH04,Minus ad alias accusamus eius soluta repudiandae fugit corporis eius.
E621,2024-10-23,2024-11-03,11,Pendiente,2024-08-08,,
E009,2024-11-16,2024-11-20,4,Pendiente,2024-11-03,,
E707,2025-01-29,2025-02-12,14,Aprobada,2025-01-09,RRHH01,
E1062,2024-08-12,2024-08-28,16,Aprobada,2024-04-25,RRHH03,
E255,2025-03-25,2025-03-30,5,Pendiente,2025-01-14,,
E319,2024-09-13,2024-09-28,15,Pendiente,2024-06-05,,
E740,2025-02-14,2025-02-24,10,Aprobada,2024-06-26,RRHH04,
E127,2024-11-27,2024-12-13,16,Aprobada,2024-08-10,RRHH02,
E433,2024-12-06,2024-12-24,18,Aprobada,2024-06-29,RRHH01,
E197,2024-12-26,2025-01-05,10,Aprobada,2024-11-17,RRHH02,
E288,2024-04-27,2024-04-30,3,Aprobada,2024-04-25,RRHH05,
E1190,2024-05-09,2024-05-15,6,Aprobada,2024-04-25,RRHH01,
E1117,2025-04-07,2025-04-21,14,Aprobada,2024-10-27,RRHH03,
E038,2024-08-20,2024-09-01,12,Pendiente,2024-05-27,,
E770,2024-05-14,2024-05-22,8,Aprobada,2024-05-10,RRHH04,
E394,2024-06-13,2024-07-01,18,Aprobada,2024-04-23,RRHH03,
E371,2024-06-22,2024-07-03,11,Aprobada,2024-05-18,RRHH05,
E017,2025-01-13,2025-02-01,19,Aprobada,2024-08-13,RRHH03,
E081,2024-04-23,2024-05-10,17,Aprobada,2024-04-22,RRHH02,
E735,2025-03-16,2025-03-25,9,Rechazada,2024-09-19,RRHH01,Repudiandae quibusdam veritatis vel distinctio deleniti.
E1129,2024-10-13,2024-10-31,18,Aprobada,2024-07-06,RRHH01,
E902,2025-03-11,2025-03-17,6,Pendiente,2024-09-07,,
E925,2025-04-13,2025-04-26,13,Aprobada,2024-10-08,RRHH02,
E438,2025-02-03,2025-02-10,7,Aprobada,2024-06-25,RRHH02,
E591,2024-07-20,2024-08-07,18,Aprobada,2024-04-26,RRHH02,
E104,2024-05-10,2024-05-14,4,Aprobada,2024-04-28,RRHH02,
E794,2024-05-19,2024-05-24,5,Aprobada,2024-04-27,RRHH04,
E1033,2024-05-10,2024-05-20,10,Pendiente,2024-04-24,,
E029,2024-05-27,2024-06-10,14,Aprobada,2024-04-22,RRHH03,
E547,2024-10-09,2024-10-24,15,Rechazada,2024-08-29,RRHH01,Rerum odit quia nam temporibus repudiandae.
E289,2024-05-19,2024-06-03,15,Aprobada,2024-05-09,RRHH01,
E051,2024-05-25,2024-06-14,20,Aprobada,2024-04-26,RRHH02,
E523,2024-11-07,2024-11-12,5,Aprobada,2024-05-24,RRHH02,
E1008,2024-10-24,2024-11-09,16,Aprobada,2024-07-22,RRHH02,
E158,2025-01-29,2025-02-14,16,Pendiente,2025-01-13,,
E521,2024-04-28,2024-05-02,4,Aprobada,2024-04-22,RRHH05,
E852,2024-05-05,2024-05-25,20,Pendiente,2024-04-29,,
E791,2025-01-04,2025-01-15,11,Pendiente,2024-08-13,,
E1182,2024-06-19,2024-06-24,5,Aprobada,2024-04-27,RRHH05,
E888,2024-10-14,2024-10-28,14,Aprobada,2024-09-22,RRHH05,
E646,2024-05-16,2024-05-26,10,Aprobada,2024-05-08,RRHH02,
E186,2024-09-20,2024-09-24,4,Pendiente,2024-06-22,,
E465,2025-02-12,2025-02-21,9,Aprobada,2025-01-26,RRHH03,
E1116,2025-02-07,2025-02-17,10,Aprobada,2024-11-25,RRHH05,
E824,2024-12-09,2024-12-25,16,Pendiente,2024-11-19,,
E876,2024-07-30,2024-08-08,9,Aprobada,2024-05-04,RRHH02,
E1073,2025-01-25,2025-02-07,13,Rechazada,2024-11-02,RRHH01,Aperiam debitis libero deleniti voluptate deleniti neque illum perferendis.
E406,2024-08-04,2024-08-23,19,Pendiente,2024-05-06,,
E353,2025-03-02,2025-03-07,5,Rechazada,2024-09-29,RRHH03,Quisquam minus corporis cum tempora explicabo.
E1072,2025-01-26,2025-02-11,16,Aprobada,2024-12-27,RRHH04,
E008,2024-12-31,2025-01-11,11,Aprobada,2024-08-12,RRHH04,
E573,2024-12-27,2025-01-02,6,Aprobada,2024-11-09,RRHH02,
E255,2024-04-22,2024-05-10,18,Aprobada,2024-04-22,RRHH04,
E089,2024-10-03,2024-10-24,21,Aprobada,2024-05-29,RRHH03,
E1005,2025-02-19,2025-02-27,8,Aprobada,2024-07-30,RRHH01,
E100,2024-06-04,2024-06-19,15,Rechazada,2024-04-22,RRHH03,Nesciunt culpa delectus quaerat optio dolorum enim repudiandae debitis.
E1037,2024-06-10,2024-06-30,20,Pendiente,2024-06-08,,
E470,2024-05-28,2024-05-31,3,Aprobada,2024-04-24,RRHH04,
E1169,2024-11-02,2024-11-10,8,Aprobada,2024-09-25,RRHH02,
E068,2024-12-04,2024-12-13,9,Pendiente,2024-09-21,,
E1056,2025-03-31,2025-04-07,7,Aprobada,2025-01-13,RRHH05,
E548,2025-03-25,2025-04-01,7,Pendiente,2024-06-12,,
E754,2024-06-06,2024-06-24,18,Pendiente,2024-05-18,,
E613,2025-02-13,2025-02-22,9,Aprobada,2024-08-14,RRHH01,
E167,2024-10-26,2024-11-02,7,Aprobada,2024-08-02,RRHH05,
E823,2024-10-31,2024-11-19,19,Aprobada,2024-05-28,RRHH04,
E536,2024-08-07,2024-08-20,13,Aprobada,2024-07-14,RRHH04,
E570,2024-12-07,2024-12-20,13,Aprobada,2024-05-18,RRHH05,
E550,2024-10-31,2024-11-05,5,Pendiente,2024-04-22,,
E161,2024-12-12,2024-12-16,4,Pendiente,2024-04-29,,
E485,2025-02-03,2025-02-23,20,Aprobada,2024-06-24,RRHH04,
E871,2024-11-01,2024-11-16,15,Rechazada,2024-08-18,RRHH03,Occaecati labore hic aspernatur sint nobis vel ipsa illum beatae quo.
E1067,2024-05-31,2024-06-03,3,Aprobada,2024-05-16,RRHH05,
E710,2025-04-15,2025-04-25,10,Aprobada,2025-03-09,RRHH03,
E1031,2024-06-15,2024-07-04,19,Aprobada,2024-04-30,RRHH04,
E076,2024-06-02,2024-06-07,5,Pendiente,2024-04-25,,
E635,2024-09-26,2024-09-30,4,Aprobada,2024-07-14,RRHH05,
E045,2024-09-03,2024-09-14,11,Aprobada,2024-08-13,RRHH02,
E307,2024-05-24,2024-05-28,4,Aprobada,2024-05-17,RRHH04,
E200,2024-08-20,2024-08-26,6,Aprobada,2024-04-24,RRHH03,
E377,2024-12-25,2025-01-09,15,Aprobada,2024-08-15,RRHH04,
E821,2025-04-21,2025-04-30,9,Aprobada,2024-10-21,RRHH05,
E355,2024-06-17,2024-06-23,6,Aprobada,2024-06-08,RRHH01,
E745,2025-03-09,2025-03-16,7,Aprobada,2025-02-11,RRHH03,
E752,2024-05-23,2024-06-05,13,Pendiente,2024-05-19,,
E319,2024-09-07,2024-09-26,19,Pendiente,2024-07-22,,
E871,2024-06-11,2024-06-28,17,Aprobada,2024-04-30,RRHH03,
E916,2024-08-01,2024-08-07,6,Pendiente,2024-06-18,,
E125,2024-10-25,2024-11-06,12,Aprobada,2024-05-25,RRHH03,
E914,2025-03-27,2025-04-03,7,Aprobada,2024-12-16,RRHH02,
E376,2024-12-19,2025-01-09,21,Rechazada,2024-08-29,RRHH05,In itaque voluptatem minus excepturi sit maxime possimus laudantium ad.
E1044,2025-03-03,2025-03-08,5,Aprobada,2024-11-29,RRHH03,
E128,2024-06-27,2024-07-17,20,Aprobada,2024-04-23,RRHH02,
E300,2024-08-01,2024-08-06,5,Pendiente,2024-04-28,,
E800,2025-01-27,2025-01-30,3,Aprobada,2024-12-20,RRHH04,
E284,2024-10-06,2024-10-23,17,Aprobada,2024-07-02,RRHH05,
E599,2024-12-31,2025-01-07,7,Aprobada,2024-06-08,RRHH05,
E641,2024-08-30,2024-09-03,4,Aprobada,2024-07-03,RRHH03,
E322,2024-10-31,2024-11-16,16,Aprobada,2024-09-07,RRHH01,
E1182,2024-12-29,2025-01-12,14,Rechazada,2024-05-24,RRHH01,Excepturi quis consequuntur harum ad saepe.
E950,2024-11-08,2024-11-19,11,Aprobada,2024-05-19,RRHH04,
E076,2024-06-07,2024-06-12,5,Pendiente,2024-05-28,,
E255,2025-01-11,2025-01-27,16,Aprobada,2024-11-10,RRHH03,
E734,2025-02-27,2025-03-12,13,Aprobada,2024-09-03,RRHH01,
E862,2024-11-15,2024-12-03,18,Aprobada,2024-10-04,RRHH02,
E1011,2024-11-04,2024-11-07,3,Aprobada,2024-10-05,RRHH05,
E295,2024-06-02,2024-06-21,19,Aprobada,2024-05-22,RRHH05,
E611,2024-08-27,2024-09-15,19,Aprobada,2024-08-20,RRHH03,
E1109,2025-03-17,2025-04-05,19,Aprobada,2024-09-19,RRHH04,
E238,2024-12-25,2025-01-09,15,Pendiente,2024-05-04,,
E792,2024-12-24,2025-01-09,16,Aprobada,2024-07-19,RRHH03,
E796,2024-10-19,2024-11-06,18,Aprobada,2024-08-04,RRHH02,
E916,2024-11-15,2024-12-01,16,Aprobada,2024-11-01,RRHH02,
E013,2024-07-20,2024-08-10,21,Pendiente,2024-06-04,,
E1139,2024-10-03,2024-10-11,8,Aprobada,2024-05-07,RRHH03,
E436,2024-08-13,2024-08-26,13,Aprobada,2024-06-30,RRHH02,
E999,2025-03-24,2025-04-14,21,Rechazada,2024-08-18,RRHH02,Deserunt sint iure sint voluptates.
E720,2025-03-09,2025-03-19,10,Pendiente,2024-07-20,,
E163,2024-12-22,2025-01-04,13,Aprobada,2024-08-28,RRHH02,
E1121,2024-12-19,2025-01-05,17,Pendiente,2024-12-15,,
E687,2025-04-01,2025-04-04,3,Aprobada,2024-11-12,RRHH03,
E696,2024-12-28,2025-01-04,7,Aprobada,2024-07-24,RRHH05,
E464,2024-07-17,2024-08-05,19,Aprobada,2024-07-06,RRHH05,
E314,2024-09-05,2024-09-08,3,Aprobada,2024-05-27,RRHH04,
E358,2024-11-11,2024-12-02,21,Rechazada,2024-07-01,RRHH05,Cumque maxime dolore veritatis modi.
E840,2025-03-31,2025-04-08,8,Aprobada,2024-05-05,RRHH03,
E566,2024-11-15,2024-11-28,13,Pendiente,2024-06-25,,
E856,2024-06-21,2024-07-08,17,Aprobada,2024-05-31,RRHH04,
E670,2024-10-15,2024-10-19,4,Pendiente,2024-06-24,,
E892,2025-02-08,2025-02-28,20,Pendiente,2024-05-13,,
E789,2024-10-22,2024-11-04,13,Aprobada,2024-05-21,RRHH01,
E461,2024-05-04,2024-05-14,10,Aprobada,2024-05-01,RRHH02,
E1177,2024-08-13,2024-08-28,15,Aprobada,2024-05-07,RRHH03,
E108,2024-04-22,2024-05-04,12,Aprobada,2024-04-22,RRHH05,
E388,2025-03-03,2025-03-15,12,Aprobada,2024-08-03,RRHH01,
E1171,2024-11-02,2024-11-06,4,Pendiente,2024-10-17,,
E474,2024-05-24,2024-05-28,4,Aprobada,2024-05-08,RRHH02,
E805,2024-06-29,2024-07-06,7,Aprobada,2024-06-19,RRHH02,
E1029,2024-09-23,2024-09-30,7,Aprobada,2024-08-02,RRHH04,
E1104,2025-01-04,2025-01-19,15,Pendiente,2024-05-27,,
E314,2025-04-13,2025-05-03,20,Pendiente,2025-03-02,,
E814,2024-04-25,2024-05-11,16,Pendiente,2024-04-24,,
E865,2025-01-16,2025-01-21,5,Aprobada,2024-10-29,RRHH03,
E685,2025-03-17,2025-03-24,7,Aprobada,2024-11-14,RRHH01,
E309,2024-05-30,2024-06-19,20,Pendiente,2024-05-18,,
E764,2024-10-27,2024-11-02,6,Aprobada,2024-08-18,RRHH03,
E791,2025-04-21,2025-04-27,6,Aprobada,2024-09-17,RRHH04,
E352,2025-01-17,2025-02-07,21,Pendiente,2024-10-29,,
E1022,2024-11-07,2024-11-24,17,Aprobada,2024-05-27,RRHH04,
E1155,2025-03-29,2025-04-09,11,Aprobada,2024-05-10,RRHH01,
E144,2025-03-07,2025-03-10,3,Aprobada,2024-09-23,RRHH05,
E326,2024-08-27,2024-09-15,19,Aprobada,2024-07-31,RRHH05,
E1196,2024-09-29,2024-10-08,9,Aprobada,2024-07-23,RRHH01,
E911,2024-06-29,2024-07-16,17,Aprobada,2024-06-01,RRHH05,
E462,2025-02-03,2025-02-15,12,Aprobada,2024-08-08,RRHH03,
E1119,2024-08-20,2024-09-06,17,Aprobada,2024-07-18,RRHH05,
E278,2025-02-21,2025-03-08,15,Pendiente,2024-11-01,,
E904,2024-08-15,2024-08-25,10,Aprobada,2024-04-25,RRHH01,
E053,2024-10-12,2024-10-19,7,Aprobada,2024-08-03,RRHH02,
E575,2025-01-05,2025-01-09,4,Pendiente,2024-11-02,,
E850,2025-02-07,2025-02-27,20,Pendiente,2025-01-10,,
E196,2025-03-23,2025-04-01,9,Aprobada,2024-06-23,RRHH05,
E389,2024-06-23,2024-06-29,6,Aprobada,2024-06-03,RRHH02,
E515,2024-12-13,2024-12-31,18,Aprobada,2024-11-28,RRHH04,
E595,2024-05-31,2024-06-14,14,Aprobada,2024-05-12,RRHH03,
E674,2024-10-15,2024-10-18,3,Aprobada,2024-06-17,RRHH02,
E1131,2025-01-07,2025-01-18,11,Aprobada,2024-12-02,RRHH02,
E646,2024-06-04,2024-06-19,15,Rechazada,2024-05-11,RRHH04,Voluptatem animi asperiores laborum ipsum magnam.
E187,2024-10-31,2024-11-17,17,Rechazada,2024-09-09,RRHH02,In neque placeat soluta doloremque dolores odit nisi ullam ab.
E056,2025-02-22,2025-02-25,3,Pendiente,2024-10-12,,
E435,2025-02-06,2025-02-15,9,Rechazada,2024-11-24,RRHH02,Qui esse quibusdam ratione atque modi modi beatae.
E815,2024-07-19,2024-07-31,12,Pendiente,2024-06-14,,
E1024,2024-10-08,2024-10-25,17,Aprobada,2024-08-07,RRHH05,
E970,2024-12-23,2025-01-03,11,Aprobada,2024-04-24,RRHH02,
E708,2024-10-31,2024-11-06,6,Pendiente,2024-07-13,,
E315,2024-10-18,2024-10-29,11,Aprobada,2024-07-22,RRHH01,
E1149,2024-07-29,2024-08-09,11,Aprobada,2024-06-10,RRHH01,
E1036,2025-04-19,2025-04-28,9,Aprobada,2024-07-04,RRHH02,
E658,2024-06-02,2024-06-11,9,Pendiente,2024-05-31,,
E186,2024-08-21,2024-08-30,9,Aprobada,2024-08-11,RRHH01,
E297,2024-10-11,2024-10-16,5,Aprobada,2024-05-16,RRHH01,
E358,2024-09-14,2024-09-28,14,Aprobada,2024-04-30,RRHH01,
E193,2024-08-26,2024-09-01,6,Aprobada,2024-06-26,RRHH02,
E829,2025-04-09,2025-04-15,6,Pendiente,2024-11-13,,
E1168,2024-12-26,2025-01-06,11,Aprobada,2024-09-01,RRHH02,
E256,2024-08-19,2024-09-08,20,Aprobada,2024-06-07,RRHH05,
E027,2025-01-03,2025-01-21,18,Pendiente,2024-11-03,,
E430,2024-10-10,2024-10-17,7,Aprobada,2024-07-04,RRHH03,
E458,2024-09-03,2024-09-10,7,Aprobada,2024-04-29,RRHH02,
E978,2024-09-15,2024-09-30,15,Aprobada,2024-04-29,RRHH03,
E1183,2024-09-10,2024-09-18,8,Pendiente,2024-05-06,,
E206,2024-06-13,2024-06-22,9,Aprobada,2024-06-01,RRHH03,
E397,2024-07-23,2024-07-31,8,Pendiente,2024-06-20,,
E974,2024-05-01,2024-05-04,3,Pendiente,2024-04-24,,
E1094,2024-06-14,2024-06-30,16,Pendiente,2024-05-28,,
E843,2024-08-23,2024-08-31,8,Pendiente,2024-05-11,,
E009,2024-06-10,2024-06-20,10,Aprobada,2024-05-27,RRHH02,
E149,2025-03-07,2025-03-18,11,Aprobada,2024-07-11,RRHH02,
E790,2024-09-16,2024-09-23,7,Rechazada,2024-05-02,RRHH04,Rem rerum nobis aliquam illo quidem.
E504,2024-07-10,2024-07-31,21,Pendiente,2024-05-15,,
E065,2024-04-29,2024-05-04,5,Rechazada,2024-04-24,RRHH03,Numquam debitis beatae aperiam maxime adipisci at.
E039,2024-08-28,2024-09-04,7,Rechazada,2024-07-10,RRHH02,Fugit ratione alias eveniet esse mollitia.
E595,2024-11-17,2024-11-26,9,Aprobada,2024-05-08,RRHH01,
E544,2024-06-27,2024-07-15,18,Aprobada,2024-06-02,RRHH02,
E284,2024-04-26,2024-05-14,18,Aprobada,2024-04-22,RRHH05,
E592,2024-07-05,2024-07-23,18,Aprobada,2024-06-12,RRHH01,
E651,2024-12-19,2024-12-27,8,Aprobada,2024-09-05,RRHH02,
E144,2025-03-14,2025-03-24,10,Pendiente,2024-07-25,,
E1197,2025-01-30,2025-02-20,21,Pendiente,2024-09-09,,
E738,2024-04-29,2024-05-08,9,Aprobada,2024-04-22,RRHH05,
E489,2024-05-31,2024-06-06,6,Pendiente,2024-05-03,,
E767,2025-03-13,2025-03-21,8,Pendiente,2025-01-17,,
E1021,2024-10-07,2024-10-16,9,Aprobada,2024-09-22,RRHH01,
E477,2024-09-24,2024-10-13,19,Rechazada,2024-04-29,RRHH05,Officiis ea deserunt fugiat dicta animi accusamus quaerat autem.
E090,2025-03-10,2025-03-20,10,Pendiente,2024-08-02,,
E042,2025-02-20,2025-03-01,9,Aprobada,2024-09-03,RRHH03,
E557,2024-12-09,2024-12-18,9,Aprobada,2024-11-21,RRHH04,
E691,2024-05-23,2024-06-03,11,Rechazada,2024-05-15,RRHH02,Sint fugiat asperiores voluptates vero odit laudantium consequuntur.
E863,2024-04-23,2024-04-28,5,Aprobada,2024-04-22,RRHH02,
E795,2024-07-22,2024-08-11,20,Aprobada,2024-05-05,RRHH05,
E1100,2024-12-22,2025-01-11,20,Aprobada,2024-04-23,RRHH04,
E695,2024-06-15,2024-06-19,4,Aprobada,2024-05-15,RRHH05,
E1159,2024-10-08,2024-10-23,15,Aprobada,2024-08-23,RRHH03,
E895,2024-05-29,2024-06-05,7,Aprobada,2024-05-23,RRHH03,
E832,2024-11-22,2024-11-28,6,Aprobada,2024-07-14,RRHH02,
E713,2024-07-12,2024-07-22,10,Aprobada,2024-05-10,RRHH04,
E201,2024-09-10,2024-09-21,11,Aprobada,2024-05-07,RRHH02,
E108,2024-12-10,2024-12-23,13,Aprobada,2024-08-20,RRHH01,
E409,2024-05-20,2024-05-24,4,Pendiente,2024-05-04,,
E1178,2024-08-03,2024-08-10,7,Aprobada,2024-05-17,RRHH04,
E287,2024-07-24,2024-07-28,4,Aprobada,2024-05-09,RRHH03,
E144,2025-03-14,2025-03-23,9,Aprobada,2024-07-12,RRHH05,
E342,2025-03-14,2025-03-28,14,Aprobada,2024-07-23,RRHH04,
E1005,2025-03-06,2025-03-16,10,Pendiente,2024-10-09,,
E154,2024-12-20,2025-01-06,17,Aprobada,2024-12-05,RRHH01,
E1163,2024-12-05,2024-12-13,8,Rechazada,2024-10-07,RRHH04,Nulla sint earum iste aliquid laudantium id perspiciatis officia dignissimos.
E308,2024-11-14,2024-11-19,5,Aprobada,2024-08-24,RRHH01,
E143,2025-04-19,2025-04-25,6,Aprobada,2025-01-15,RRHH01,
E441,2025-03-17,2025-04-03,17,Aprobada,2024-10-03,RRHH04,
E437,2024-07-18,2024-08-01,14,Pendiente,2024-07-17,,
E747,2024-09-26,2024-10-06,10,Aprobada,2024-08-07,RRHH03,
E1084,2025-02-08,2025-02-18,10,Aprobada,2024-09-12,RRHH01,
E1128,2024-09-13,2024-10-02,19,Pendiente,2024-06-06,,
E421,2024-05-02,2024-05-14,12,Pendiente,2024-05-01,,
E1106,2025-01-16,2025-02-04,19,Aprobada,2024-07-09,RRHH04,
E596,2024-06-26,2024-07-01,5,Aprobada,2024-06-16,RRHH03,
E011,2025-02-22,2025-03-11,17,Aprobada,2024-10-01,RRHH01,
E544,2024-05-31,2024-06-08,8,Pendiente,2024-05-11,,
E306,2024-07-09,2024-07-20,11,Aprobada,2024-07-02,RRHH04,
E285,2024-10-10,2024-10-21,11,Pendiente,2024-09-28,,
E246,2024-10-01,2024-10-17,16,Pendiente,2024-06-28,,
E026,2024-07-15,2024-08-04,20,Aprobada,2024-05-31,RRHH02,
E1141,2024-04-29,2024-05-17,18,Pendiente,2024-04-28,,
E1102,2024-12-05,2024-12-23,18,Rechazada,2024-06-07,RRHH05,Placeat incidunt expedita quod nihil dolorum dolor repellendus recusandae.
E1185,2024-11-11,2024-11-25,14,Aprobada,2024-07-17,RRHH01,
E1070,2024-07-03,2024-07-23,20,Rechazada,2024-06-16,RRHH04,Distinctio cupiditate rerum excepturi ipsam minus.
E549,2025-01-07,2025-01-25,18,Pendiente,2024-10-14,,
E607,2024-10-18,2024-11-01,14,Aprobada,2024-07-19,RRHH03,
E1158,2025-04-10,2025-04-13,3,Aprobada,2024-07-20,RRHH01,
E532,2025-04-16,2025-04-26,10,Aprobada,2024-09-24,RRHH04,
E317,2025-02-21,2025-03-03,10,Pendiente,2024-12-07,,
E065,2024-10-06,2024-10-23,17,Aprobada,2024-09-10,RRHH01,
E137,2024-06-07,2024-06-24,17,Aprobada,2024-05-27,RRHH03,
E616,2024-06-08,2024-06-16,8,Aprobada,2024-05-31,RRHH05,
E529,2025-04-14,2025-05-04,20,Aprobada,2024-12-22,RRHH03,
E315,2025-01-02,2025-01-06,4,Aprobada,2024-12-23,RRHH02,
E310,2025-03-04,2025-03-15,11,Aprobada,2024-11-03,RRHH02,
E156,2025-02-24,2025-03-08,12,Rechazada,2024-09-01,RRHH05,Libero possimus pariatur possimus distinctio quo reiciendis dolore magni facilis.
E919,2024-09-10,2024-09-24,14,Aprobada,2024-08-11,RRHH04,
E021,2025-03-02,2025-03-14,12,Aprobada,2024-11-11,RRHH03,
E592,2025-03-27,2025-04-06,10,Aprobada,2024-12-18,RRHH05,
E1090,2024-05-29,2024-06-03,5,Aprobada,2024-04-29,RRHH02,
E072,2024-11-22,2024-12-02,10,Aprobada,2024-08-23,RRHH01,
E1139,2024-08-09,2024-08-13,4,Rechazada,2024-07-27,RRHH01,Quae enim assumenda consectetur a quod.
E795,2024-12-28,2025-01-11,14,Aprobada,2024-10-13,RRHH04,
E446,2024-10-04,2024-10-16,12,Aprobada,2024-05-10,RRHH04,
E534,2024-10-14,2024-10-23,9,Pendiente,2024-05-05,,
E1192,2025-02-05,2025-02-16,11,Pendiente,2024-09-05,,
E1150,2024-08-06,2024-08-13,7,Pendiente,2024-07-31,,
E774,2024-07-09,2024-07-15,6,Aprobada,2024-06-06,RRHH01,
E139,2024-11-16,2024-12-01,15,Aprobada,2024-07-06,RRHH02,
E017,2024-05-08,2024-05-25,17,Aprobada,2024-04-24,RRHH04,
E426,2024-08-24,2024-09-01,8,Aprobada,2024-05-16,RRHH02,
E635,2025-01-07,2025-01-15,8,Aprobada,2024-09-14,RRHH01,
E558,2024-11-08,2024-11-25,17,Aprobada,2024-10-05,RRHH04,
E230,2025-03-03,2025-03-17,14,Pendiente,2024-07-24,,
E621,2025-03-18,2025-04-03,16,Pendiente,2025-02-07,,
E318,2024-08-06,2024-08-15,9,Aprobada,2024-07-25,RRHH04,
E445,2024-08-19,2024-09-08,20,Aprobada,2024-05-29,RRHH03,
E1079,2024-08-09,2024-08-22,13,Pendiente,2024-06-27,,
E541,2024-06-26,2024-07-04,8,Aprobada,2024-05-23,RRHH01,
E1040,2024-10-11,2024-10-19,8,Pendiente,2024-06-24,,
E193,2024-06-08,2024-06-20,12,Pendiente,2024-05-05,,
E303,2024-05-21,2024-06-06,16,Pendiente,2024-05-05,,
E408,2024-11-26,2024-12-16,20,Aprobada,2024-07-31,RRHH03,
E405,2024-05-17,2024-05-23,6,Aprobada,2024-05-05,RRHH05,
E720,2025-03-04,2025-03-18,14,Pendiente,2024-07-21,,
E867,2024-07-19,2024-07-30,11,Pendiente,2024-07-04,,
E938,2025-04-09,2025-04-21,12,Aprobada,2024-11-30,RRHH03,
E413,2025-02-05,2025-02-11,6,Aprobada,2024-07-29,RRHH02,
E1026,2024-06-18,2024-07-03,15,Pendiente,2024-04-29,,
E653,2024-11-23,2024-11-28,5,Aprobada,2024-11-16,RRHH05,
E413,2024-07-31,2024-08-08,8,Aprobada,2024-06-06,RRHH04,
E145,2024-09-30,2024-10-12,12,Aprobada,2024-09-16,RRHH03,
E525,2024-12-28,2025-01-03,6,Aprobada,2024-10-09,RRHH02,
E1140,2024-12-14,2024-12-25,11,Rechazada,2024-08-13,RRHH04,Quasi aut sunt officiis quas ullam natus.
E256,2024-07-26,2024-08-10,15,Pendiente,2024-05-28,,
E052,2024-09-07,2024-09-19,12,Aprobada,2024-07-23,RRHH03,
E602,2024-10-06,2024-10-14,8,Aprobada,2024-09-09,RRHH02,
E098,2024-09-05,2024-09-13,8,Aprobada,2024-05-25,RRHH05,
E663,2024-05-10,2024-05-24,14,Aprobada,2024-05-04,RRHH03,
E795,2024-06-16,2024-07-01,15,Aprobada,2024-05-01,RRHH01,
E284,2024-05-31,2024-06-06,6,Aprobada,2024-05-18,RRHH01,
E469,2024-10-21,2024-11-04,14,Pendiente,2024-07-17,,
E935,2025-01-11,2025-01-31,20,Aprobada,2024-10-02,RRHH02,
E577,2024-10-20,2024-10-24,4,Pendiente,2024-10-11,,
E304,2024-05-01,2024-05-22,21,Aprobada,2024-04-26,RRHH02,
E107,2024-05-01,2024-05-13,12,Rechazada,2024-04-22,RRHH01,Nobis tenetur quaerat quam ipsum illum voluptatibus.
E1160,2024-07-11,2024-07-17,6,Pendiente,2024-07-08,,
E456,2024-09-08,2024-09-11,3,Aprobada,2024-07-25,RRHH02,
E174,2025-02-14,2025-03-06,20,Aprobada,2024-10-22,RRHH04,
E918,2024-07-19,2024-07-25,6,Aprobada,2024-05-25,RRHH02,
E1046,2025-03-21,2025-03-25,4,Aprobada,2024-05-30,RRHH03,
E762,2025-04-15,2025-04-25,10,Aprobada,2024-07-08,RRHH05,
E477,2025-02-17,2025-03-04,15,Pendiente,2024-11-21,,
E456,2025-01-23,2025-02-11,19,Pendiente,2024-10-27,,
E1144,2024-05-13,2024-05-20,7,Pendiente,2024-05-08,,
E898,2024-07-13,2024-07-18,5,Pendiente,2024-04-24,,
E199,2025-01-26,2025-02-01,6,Aprobada,2024-05-18,RRHH04,
E936,2024-12-18,2024-12-31,13,Pendiente,2024-11-26,,
E788,2025-02-10,2025-03-01,19,Pendiente,2024-08-08,,
E841,2024-08-03,2024-08-18,15,Rechazada,2024-07-06,RRHH03,Iure vero inventore hic.
E159,2025-02-02,2025-02-23,21,Pendiente,2024-08-27,,
E165,2024-05-29,2024-06-07,9,Aprobada,2024-05-26,RRHH02,
E149,2025-03-14,2025-03-23,9,Aprobada,2024-10-03,RRHH04,
E955,2025-04-03,2025-04-08,5,Aprobada,2025-03-19,RRHH04,
E1050,2025-03-01,2025-03-08,7,Pendiente,2024-07-18,,
E1052,2025-01-14,2025-01-21,7,Pendiente,2024-06-26,,
E004,2024-09-25,2024-10-02,7,Aprobada,2024-06-19,RRHH02,
E025,2024-08-22,2024-09-10,19,Pendiente,2024-08-08,,
E508,2024-05-20,2024-05-24,4,Rechazada,2024-05-03,RRHH01,Soluta exercitationem voluptatum voluptatibus possimus provident perspiciatis repudiandae.
E476,2024-05-06,2024-05-17,11,Aprobada,2024-04-23,RRHH05,
E394,2025-04-18,2025-05-08,20,Pendiente,2024-09-13,,
E499,2025-01-20,2025-02-10,21,Aprobada,2024-08-27,RRHH03,
E158,2025-01-27,2025-02-06,10,Pendiente,2024-06-19,,
E1141,2024-06-04,2024-06-24,20,Aprobada,2024-05-01,RRHH04,
E207,2025-04-02,2025-04-19,17,Aprobada,2025-02-28,RRHH02,
E1119,2025-01-27,2025-02-02,6,Rechazada,2024-10-10,RRHH01,Accusantium delectus perferendis nobis ad laboriosam commodi deleniti repellendus voluptate.
E751,2024-05-08,2024-05-14,6,Pendiente,2024-05-04,,
E1047,2024-05-07,2024-05-19,12,Aprobada,2024-04-22,RRHH02,
E729,2024-11-09,2024-11-29,20,Rechazada,2024-06-03,RRHH05,Sed suscipit distinctio ipsa quasi eius iste.
E361,2025-01-23,2025-02-02,10,Aprobada,2024-05-18,RRHH03,
E698,2025-04-16,2025-04-27,11,Rechazada,2024-12-28,RRHH05,Delectus iusto voluptatibus alias sed.
E519,2025-01-24,2025-02-06,13,Aprobada,2024-07-09,RRHH01,
E010,2024-09-02,2024-09-23,21,Aprobada,2024-05-12,RRHH05,
E949,2024-07-02,2024-07-10,8,Aprobada,2024-06-09,RRHH02,
E124,2025-03-17,2025-04-05,19,Aprobada,2025-02-21,RRHH02,
E921,2025-02-18,2025-02-25,7,Aprobada,2025-02-06,RRHH02,
E359,2024-12-21,2025-01-03,13,Pendiente,2024-05-15,,
E305,2025-03-23,2025-04-11,19,Pendiente,2024-08-18,,
E1045,2025-02-27,2025-03-05,6,Aprobada,2024-11-06,RRHH01,
E236,2024-05-28,2024-06-05,8,Pendiente,2024-05-04,,
E840,2024-08-15,2024-08-23,8,Aprobada,2024-05-15,RRHH01,
E526,2025-04-11,2025-04-29,18,Aprobada,2024-08-18,RRHH05,
E687,2024-09-22,2024-10-03,11,Aprobada,2024-08-20,RRHH01,
E632,2024-07-18,2024-08-03,16,Aprobada,2024-05-29,RRHH03,
E348,2024-09-19,2024-09-23,4,Aprobada,2024-09-18,RRHH04,
E287,2024-08-16,2024-08-19,3,Aprobada,2024-05-16,RRHH01,
E1056,2025-03-02,2025-03-22,20,Pendiente,2024-05-22,,
E733,2024-09-05,2024-09-19,14,Aprobada,2024-06-04,RRHH03,
E1020,2024-10-06,2024-10-14,8,Rechazada,2024-09-14,RRHH02,Eaque corporis at consectetur ut saepe.
E931,2024-10-18,2024-10-28,10,Pendiente,2024-06-14,,
E981,2025-02-06,2025-02-17,11,Aprobada,2024-11-23,RRHH02,
E1035,2024-04-28,2024-05-08,10,Rechazada,2024-04-24,RRHH04,Magni quis eligendi harum laudantium molestias eaque a.
E538,2024-06-16,2024-07-01,15,Aprobada,2024-05-27,RRHH02,
E276,2024-05-23,2024-06-04,12,Aprobada,2024-04-23,RRHH03,
E590,2024-12-07,2024-12-21,14,Aprobada,2024-07-04,RRHH05,
E1067,2024-09-06,2024-09-27,21,Aprobada,2024-06-09,RRHH05,
E239,2025-01-12,2025-01-30,18,Aprobada,2024-11-21,RRHH05,
E699,2024-07-28,2024-08-10,13,Aprobada,2024-07-22,RRHH04,
E540,2024-10-20,2024-11-07,18,Aprobada,2024-07-20,RRHH05,
E527,2024-06-21,2024-06-25,4,Pendiente,2024-06-03,,
E1086,2025-02-01,2025-02-18,17,Aprobada,2024-10-19,RRHH04,
E1059,2024-05-19,2024-05-28,9,Rechazada,2024-05-02,RRHH04,Eveniet eaque nulla similique suscipit perferendis veniam ullam velit tenetur repudiandae.
E048,2024-07-09,2024-07-22,13,Aprobada,2024-04-28,RRHH01,
E544,2025-04-21,2025-05-10,19,Aprobada,2024-11-14,RRHH03,
E758,2024-09-07,2024-09-11,4,Aprobada,2024-07-21,RRHH01,
E642,2024-05-29,2024-06-16,18,Pendiente,2024-04-24,,
E694,2025-02-12,2025-02-22,10,Aprobada,2024-07-10,RRHH04,
E417,2025-01-15,2025-01-21,6,Pendiente,2024-07-11,,
E428,2024-05-23,2024-06-11,19,Rechazada,2024-04-23,RRHH01,Atque delectus quasi veniam consectetur mollitia rerum.
E456,2024-09-03,2024-09-19,16,Aprobada,2024-07-09,RRHH03,
E1080,2024-06-17,2024-07-02,15,Aprobada,2024-04-22,RRHH03,
E1071,2024-07-04,2024-07-12,8,Rechazada,2024-06-19,RRHH04,Adipisci porro corporis recusandae repellat nihil.
